<?xml version="1.0" encoding="UTF-8"?>
<project-private xmlns="http://www.netbeans.org/ns/project-private/1">
    <editor-bookmarks xmlns="http://www.netbeans.org/ns/editor-bookmarks/2" lastBookmarkId="0"/>
    <open-files xmlns="http://www.netbeans.org/ns/projectui-open-files/2">
        <group>
            <file>file:/C:/Users/96650/Desktop/Projec_CPCS324/src/PhoneNetworkApp/Line.java</file>
            <file>file:/C:/Users/96650/Desktop/Projec_CPCS324/src/GraphFramework/Graph.java</file>
            <file>file:/C:/Users/96650/Desktop/Projec_CPCS324/src/PhoneNetworkApp/Office.java</file>
            <file>file:/C:/Users/96650/Desktop/Projec_CPCS324/src/GraphFramework/BluePrintsGraph.java</file>
        </group>
    </open-files>
</project-private>
